{
  "baseline": {
    "nlv_only": {
      "rmse": 0.8892106210645953,
      "mae": 0.6852287958964345,
      "r2": -0.04793514762817175
    },
    "two_stage": {
      "rmse": 0.6487758913995225,
      "mae": 0.47299356677060184,
      "r2": 0.4421537344964016
    },
    "lightgbm_base": {
      "rmse": 0.6518833418640089,
      "mae": 0.4732675326541465,
      "r2": 0.4367970894821419
    }
  },
  "improvements": {
    "lgb_tuned": {
      "rmse": 0.6502844629256916,
      "mae": 0.47265431390289686,
      "r2": 0.43955644500090096
    },
    "stacked": {
      "rmse": 0.8892359496080953,
      "mae": 0.6827465736491434,
      "r2": -0.04799484787998587
    }
  },
  "cv": {
    "mean_rmse": 0.6594879194562826,
    "std_rmse": 0.018773535632619756,
    "mean_mae": 0.4851408731627474,
    "std_mae": 0.0156625123303248,
    "mean_r2": 0.4407622223855833,
    "std_r2": 0.014356363617766836
  },
  "final_model": "lightgbm_tuned",
  "submission": {
    "rows": 311744,
    "id_first": 1070752,
    "id_last": 2027599
  }
}